LabelType,LabelValue,UpdatedAt
primary,Drivers,2026-03-11T08:05:12
primary,Environmental inequalities,2026-03-11T08:05:12
primary,Gender inequality,2026-03-11T08:05:12
primary,Global inequality,2026-03-11T08:05:12
primary,Income and wealth mobility,2026-03-11T08:05:12
primary,Inequality dynamics,2026-03-11T08:05:12
primary,Inequality perceptions,2026-03-11T08:05:12
primary,Land inequality,2026-03-11T08:05:12
primary,Methods and measurement,2026-03-11T08:05:12
primary,Political inequalities,2026-03-11T08:05:12
primary,Taxation and tax evasion,2026-03-11T08:05:12
secondary,Advanced Panel and Time-Series Methods,2026-03-11T08:05:12
secondary,"Agricultural Productivity, Smallholders and Rural Inequality",2026-03-11T08:05:12
secondary,"Asset Prices, Returns and Portfolio Dynamics",2026-03-11T08:05:12
secondary,Automation,2026-03-11T08:05:12
secondary,Bargaining Power,2026-03-11T08:05:12
secondary,Carbon Pricing and Climate Policy Distributional Effects,2026-03-11T08:05:12
secondary,"Care Work, Household Dynamics and Time Use",2026-03-11T08:05:12
secondary,Class mobility (U.S.),2026-03-11T08:05:12
secondary,"Climate Justice, Vulnerability and Adaptation",2026-03-11T08:05:12
secondary,"Corporate Taxation, Profit Shifting and Evasion",2026-03-11T08:05:12
secondary,"Data Fusion, Harmonization and Measurement Error",2026-03-11T08:05:12
secondary,Discrimination (caste),2026-03-11T08:05:12
secondary,Discrimination (castes),2026-03-11T08:05:12
secondary,Distributional Decomposition and Counterfactual Methods,2026-03-11T08:05:12
secondary,Distributional National Accounts and Data Infrastructure,2026-03-11T08:05:12
secondary,"Education, Skills and Human Capital Channels",2026-03-11T08:05:12
secondary,Emissions Accounting and Environmental Footprints,2026-03-11T08:05:12
secondary,"Energy Transition, Fossil Lock-in and Decarbonization",2026-03-11T08:05:12
secondary,Environmental Inequalities - General,2026-03-11T08:05:12
secondary,Experimental and Survey Evidence on Inequality Attitudes,2026-03-11T08:05:12
secondary,"Firm Dynamics, Market Power and Productivity",2026-03-11T08:05:12
secondary,Gender Inequality - General,2026-03-11T08:05:12
secondary,Gender Wage Gaps and Labor Income Inequality,2026-03-11T08:05:12
secondary,"Gender, Violence and Bodily Autonomy",2026-03-11T08:05:12
secondary,"Gendered Institutions, Norms and Social Exclusion",2026-03-11T08:05:12
secondary,Global Wealth Convergence and Divergence,2026-03-11T08:05:12
secondary,Global Wealth Dynamics - General,2026-03-11T08:05:12
secondary,Historical Measurement - General,2026-03-11T08:05:12
secondary,Historical Series and Archives,2026-03-11T08:05:12
secondary,Income Mobility Over the Life Cycle,2026-03-11T08:05:12
secondary,Income/Education mobility,2026-03-11T08:05:12
secondary,Inequality Perceptions - General,2026-03-11T08:05:12
secondary,"Information, Narratives and Belief Formation",2026-03-11T08:05:12
secondary,Intergenerational Mobility and Equality of Opportunity,2026-03-11T08:05:12
secondary,"Labor Markets, Wages and Bargaining Power",2026-03-11T08:05:12
secondary,Labour shares,2026-03-11T08:05:12
secondary,Land inequality,2026-03-11T08:05:12
secondary,"Macroeconomic Drivers: Inflation, Growth and Cycles",2026-03-11T08:05:12
secondary,Measurement bias,2026-03-11T08:05:12
secondary,Methodological Innovations in Inequality Research,2026-03-11T08:05:12
secondary,"Mobility Traps, Segregation and Stratification",2026-03-11T08:05:12
secondary,Outsourcing,2026-03-11T08:05:12
secondary,Perceived mobility,2026-03-11T08:05:12
secondary,Perceptions of Fairness and Social Mobility,2026-03-11T08:05:12
secondary,"Polarization, Media and Democratic Trust",2026-03-11T08:05:12
secondary,Political Economy of Redistribution,2026-03-11T08:05:12
secondary,Political Inequalities - General,2026-03-11T08:05:12
secondary,Public goods,2026-03-11T08:05:12
secondary,Regional and Global Comparison of Inequality Trajectories,2026-03-11T08:05:12
secondary,"Savings, Capital Accumulation and Wealth Mobility",2026-03-11T08:05:12
secondary,Sectoral bargaining,2026-03-11T08:05:12
secondary,"State Capacity, Institutions and Policy Design",2026-03-11T08:05:12
secondary,"Tax Compliance, Administration and Enforcement",2026-03-11T08:05:12
secondary,"Tax Incidence, Redistribution and Welfare Effects",2026-03-11T08:05:12
secondary,Taxation and Evasion - General,2026-03-11T08:05:12
secondary,"Technology, Automation and Digital Transformation",2026-03-11T08:05:12
secondary,"Top Incomes, Wealth Shares and Concentration",2026-03-11T08:05:12
secondary,"Voting, Participation and Electoral Cleavages",2026-03-11T08:05:12
secondary,Wealth Mobility,2026-03-11T08:05:12
secondary,Wealth mobility (FR),2026-03-11T08:05:12
secondary,Wealth Taxation and Capital Income Tax Design,2026-03-11T08:05:12
