SubmissionID,PlacementStatus,SessionId,TalkIndex,OverflowOrder,UpdatedAt
0Q505JN,scheduled,e563db19-44ce-54ff-819a-d0a9a42ec08d,2,,2026-03-13T11:40:34
0QDJvXQ,scheduled,1dfa0fde-83eb-5bb4-b138-46e1220a5bb0,3,,2026-03-25T17:20:37
0QgvpgN,unassigned,,,,2026-03-13T11:32:41
0QgyXB9,unassigned,,,,2026-03-12T15:31:36
0Qyb44N,unassigned,,,,2026-04-03T09:26:00
1AgYRRb,scheduled,0bf1aa12-2ee6-5327-bff9-6da25d94a416,4,,2026-03-25T16:28:02
1Age6QL,unassigned,,,,2026-03-13T15:01:51
1AxJ75M,unassigned,,,,2026-03-11T10:41:22
2E5697V,unassigned,,,,2026-03-12T10:57:09
2EgDeOA,scheduled,1d96e9ed-ae3b-5699-976b-48f927e48672,3,,2026-03-13T11:51:54
2EgE4MD,unassigned,,,,2026-03-13T11:32:41
2EgN5gD,scheduled,9372e55b-7794-5e8a-8941-47672d73c1b4,4,,2026-03-11T10:05:18
2EgReqM,scheduled,d428973d-a7d4-54e4-b686-c46994d469dc,3,,2026-03-13T11:10:24
2EgVxqb,unassigned,,,,2026-03-11T09:20:34
2EgY8qL,scheduled,ad22a049-0377-59a2-be44-10f92dbc12d2,4,,2026-03-25T15:48:03
2Egzk19,scheduled,4aa8d497-3de4-514f-90d7-717d0d810645,3,,2026-03-13T15:42:17
2EyMXEe,unassigned,,,,2026-04-03T09:25:42
2EyQyyV,unassigned,,,,2026-03-12T10:57:09
44DEyOA,scheduled,047638b2-e25d-5208-a921-2bba9e84aef1,2,,2026-03-12T15:15:25
44DRNBX,scheduled,accae8d9-491f-5dec-abdb-92a4c46e8fb8,2,,2026-03-13T13:58:47
44DYXok,unassigned,,,,2026-03-12T10:32:04
44DYy4o,scheduled,0ceb8cba-17bc-50d3-b55f-75deb14ed429,4,,2026-03-13T10:33:04
44DplqY,unassigned,,,,2026-04-03T09:25:22
44qQ8GO,scheduled,56231a19-45e2-5615-80f6-438e9d4331ab,1,,2026-03-25T15:23:43
44ygrrY,unassigned,,,,2026-03-12T15:21:28
44yjQv5,unassigned,,,,2026-03-12T14:19:40
44ypvj5,scheduled,bea91d85-2037-5c80-8095-b1d16d1a3b69,3,,2026-03-13T15:56:05
5BD7vQN,scheduled,d43d90bd-6011-5501-9e3d-c96cee718ee9,4,,2026-03-13T15:50:16
5BDJJdo,unassigned,,,,2026-03-12T15:32:21
5Bg17Dv,scheduled,011a7233-bcc7-5b49-a46e-68dde9d47718,1,,2026-03-13T15:59:09
5Bg6lKE,unassigned,,,,2026-03-13T14:18:53
5BgY1Zv,scheduled,accae8d9-491f-5dec-abdb-92a4c46e8fb8,4,,2026-03-13T14:00:14
5BgYe9Q,unassigned,,,,2026-03-11T10:17:47
5BgoxeE,unassigned,,,,2026-03-12T13:24:11
5Bgr8lN,scheduled,4aa8d497-3de4-514f-90d7-717d0d810645,1,,2026-03-13T13:31:40
5BgzD9o,unassigned,,,,2026-03-12T15:43:11
68yD66P,scheduled,658e910e-d02f-5910-a524-3901a3790f9a,4,,2026-03-13T11:19:03
68yD9rB,scheduled,9372e55b-7794-5e8a-8941-47672d73c1b4,1,,2026-03-11T10:03:12
68ylgQY,unassigned,,,,2026-04-03T09:24:56
68zO8Le,scheduled,7448eb9b-ec23-556a-a343-efcfb18d9533,3,,2026-03-11T09:47:26
68zW0ve,scheduled,047638b2-e25d-5208-a921-2bba9e84aef1,4,,2026-03-12T15:16:03
68zWvgo,scheduled,e4cd29f1-458a-5a2e-89c6-7907fa8ef9a6,3,,2026-03-25T17:22:57
7Re8D86,scheduled,3c9638a1-b8ec-579d-9b03-db9e812cecbf,4,,2026-03-13T11:20:02
7Rej2Mz,unassigned,,,,2026-04-03T09:24:38
7Rggv1a,scheduled,9b81adf0-bbf5-5aa7-8ae7-80cb4848e870,1,,2026-03-13T15:58:31
7RgzQG9,unassigned,,,,2026-03-12T15:21:28
7RzYoq0,unassigned,,,,2026-03-12T10:25:27
815BbXA,scheduled,9372e55b-7794-5e8a-8941-47672d73c1b4,2,,2026-03-11T10:03:40
81g9ZWP,scheduled,45494c18-33d0-5dd6-8146-6b7a6246f57b,3,,2026-03-12T13:06:36
81ggORz,scheduled,d428973d-a7d4-54e4-b686-c46994d469dc,4,,2026-03-13T11:10:24
81ggqEz,overflow,b2df1c97-1cc2-542f-8d98-d5a7ccdce4c0,,1,2026-03-13T14:35:39
81gyGV5,scheduled,611aa61f-0d61-560f-97f4-79d0862d0847,2,,2026-03-13T11:44:01
81y9oQo,scheduled,0bf1aa12-2ee6-5327-bff9-6da25d94a416,2,,2026-03-25T16:18:17
9qgPvG1,unassigned,,,,2026-04-03T09:24:20
9qgdlA4,scheduled,1dfa0fde-83eb-5bb4-b138-46e1220a5bb0,2,,2026-03-25T16:35:59
9qgpV2G,scheduled,cda98b9f-87ed-54b3-92c7-790687dc2106,1,,2026-03-13T12:50:59
A7G1gLo,scheduled,d30149c9-7b15-5a97-aa72-e9e5755eea67,4,,2026-03-13T11:52:21
A7OD9ky,scheduled,1dfa0fde-83eb-5bb4-b138-46e1220a5bb0,1,,2026-03-25T16:21:05
A7OGVKk,unassigned,,,,2026-03-12T14:37:03
A7OGvQk,scheduled,e986af98-f462-5a10-98ce-0eb2f2de5d7b,1,,2026-03-13T11:36:04
A7ONzke,unassigned,,,,2026-04-03T09:23:54
A7OOPE0,unassigned,,,,2026-04-03T09:23:36
A7OY7j0,scheduled,accae8d9-491f-5dec-abdb-92a4c46e8fb8,1,,2026-03-13T13:56:58
A7OlqYl,scheduled,cda98b9f-87ed-54b3-92c7-790687dc2106,4,,2026-03-13T12:56:34
A7ydRzN,scheduled,658e910e-d02f-5910-a524-3901a3790f9a,1,,2026-03-13T11:19:03
BzVkvRA,scheduled,deb4e105-4f8c-51f2-840e-fc0742ac3a57,2,,2026-03-12T11:09:11
BzVp2X5,unassigned,,,,2026-03-12T15:18:16
Bzl2NWY,unassigned,,,,2026-04-03T09:23:09
BzlyMM5,scheduled,deb4e105-4f8c-51f2-840e-fc0742ac3a57,1,,2026-03-12T11:09:11
D4EAr65,unassigned,,,,2026-03-13T15:00:27
D4EyxBl,scheduled,2a55714b-f765-506d-8046-13d635efd106,1,,2026-03-13T13:24:27
D4P8yg5,scheduled,338c97eb-78b3-5047-96db-d3656f18d647,2,,2026-03-13T11:42:06
D4PMAGl,overflow,85079871-f72b-53f9-ada7-b5583da10de3,,1,2026-03-13T11:17:02
D4PQ47E,scheduled,620636b8-d741-5183-8682-cb63daf22fe3,3,,2026-03-13T11:30:23
D4YrzYj,unassigned,,,,2026-04-03T09:22:51
EkEP7gA,unassigned,,,,2026-03-12T15:39:05
EkEjqMq,unassigned,,,,2026-03-12T13:12:53
EkezORA,scheduled,6dae8a17-981c-5a51-ac6a-b02d20d7d7ef,3,,2026-03-13T10:55:25
Ekg7Jgr,scheduled,c39d5181-fe34-5d91-a10a-d23cd0855326,1,,2026-03-13T15:45:59
Ekr1WEr,unassigned,,,,2026-04-03T09:22:33
EkrAoql,unassigned,,,,2026-04-03T09:22:13
EkrELQX,scheduled,d43d90bd-6011-5501-9e3d-c96cee718ee9,2,,2026-03-13T15:50:16
EkrG9Kr,unassigned,,,,2026-04-03T09:21:56
EkrGEaL,unassigned,,,,2026-03-12T14:17:32
EkrJ1BN,scheduled,68750050-01be-5c35-b256-29c008d72a94,2,,2026-03-25T15:19:59
EkrbWJA,unassigned,,,,2026-03-11T10:31:00
Gx4ZDa2,unassigned,,,,2026-04-03T09:21:36
GxQeWpZ,unassigned,,,,2026-03-11T10:55:57
Gxj5oOz,scheduled,6dae8a17-981c-5a51-ac6a-b02d20d7d7ef,1,,2026-03-11T09:54:56
GxjA2qQ,unassigned,,,,2026-04-03T09:21:15
GxjBl2O,unassigned,,,,2026-03-11T08:38:20
GxjQd7k,unassigned,,,,2026-03-11T10:47:45
GxjapeO,scheduled,611aa61f-0d61-560f-97f4-79d0862d0847,4,,2026-03-13T11:44:01
GxjqYRj,unassigned,,,,2026-03-11T09:38:23
J9ZGAe7,scheduled,b2df1c97-1cc2-542f-8d98-d5a7ccdce4c0,4,,2026-03-13T14:33:56
J9ZYKrR,scheduled,8ad77046-2194-51d2-a4e6-158286fcbb70,1,,2026-03-13T11:54:11
J9ZbOJR,unassigned,,,,2026-04-03T09:20:59
J9Zbpbo,scheduled,e986af98-f462-5a10-98ce-0eb2f2de5d7b,4,,2026-03-13T11:36:04
J9Zr2k7,scheduled,5cd277dc-236b-5446-90a9-91107748be21,1,,2026-03-13T15:45:39
J9xP0gd,unassigned,,,,2026-03-13T14:19:49
KYN4OW8,unassigned,,,,2026-04-03T09:20:35
KYN4ovk,unassigned,,,,2026-03-11T09:53:35
KYNAvjD,scheduled,d43d90bd-6011-5501-9e3d-c96cee718ee9,3,,2026-03-13T15:50:16
KYNNdpX,scheduled,338c97eb-78b3-5047-96db-d3656f18d647,4,,2026-03-13T13:18:42
KYNOVO7,unassigned,,,,2026-03-10T17:06:28
KYNOoWg,scheduled,d428973d-a7d4-54e4-b686-c46994d469dc,2,,2026-03-13T11:10:24
KYNZdQM,scheduled,e935d0b6-13cc-5def-b109-5ec23fdacf31,1,,2026-03-13T15:55:25
KYRaz5g,unassigned,,,,2026-04-03T09:20:00
KYyv2jV,scheduled,7448eb9b-ec23-556a-a343-efcfb18d9533,2,,2026-03-11T09:45:20
LZqBvrJ,scheduled,047638b2-e25d-5208-a921-2bba9e84aef1,3,,2026-03-12T15:15:49
LZqJ8L2,unassigned,,,,2026-03-11T10:43:19
MeQ29aE,unassigned,,,,2026-03-13T14:54:31
MeQYA1g,unassigned,,,,2026-04-03T09:19:43
MeQbbg0,scheduled,60ccb7da-0f57-5d46-8ed3-8debe06ec73e,3,,2026-03-13T15:49:28
MeQlKA0,scheduled,e563db19-44ce-54ff-819a-d0a9a42ec08d,4,,2026-03-13T11:40:34
MeQlkME,unassigned,,,,2026-03-13T14:19:37
Meq4xYX,scheduled,047638b2-e25d-5208-a921-2bba9e84aef1,1,,2026-03-12T15:15:02
MeqXd0k,unassigned,,,,2026-03-13T11:23:17
NpQaJYb,scheduled,60ccb7da-0f57-5d46-8ed3-8debe06ec73e,1,,2026-03-13T15:49:28
NpgjoVB,unassigned,,,,2026-03-12T13:07:14
OD9Wga7,unassigned,,,,2026-03-11T09:25:50
ODe87qp,scheduled,1c4f8af1-1d0a-5f7f-9cf3-7c619c978ee9,4,,2026-03-12T15:46:44
ODe98Y7,scheduled,deb4e105-4f8c-51f2-840e-fc0742ac3a57,3,,2026-03-13T10:49:24
ODeAXPK,scheduled,e986af98-f462-5a10-98ce-0eb2f2de5d7b,3,,2026-03-13T11:36:04
ODeEEQ8,scheduled,6dae8a17-981c-5a51-ac6a-b02d20d7d7ef,4,,2026-03-13T11:01:06
ODeK8YR,unassigned,,,,2026-04-03T09:18:56
ODeV2PR,unassigned,,,,2026-04-03T09:18:37
ODeZ8Z8,scheduled,c39d5181-fe34-5d91-a10a-d23cd0855326,3,,2026-03-13T15:45:59
ODerGpk,scheduled,c040ca03-5a2e-565d-b328-a889f0d6bd24,2,,2026-03-13T14:32:06
PdPYZNQ,scheduled,e5916265-4004-5fac-8378-9594e1b32d11,3,,2026-03-13T11:06:03
PdWJZG0,unassigned,,,,2026-03-12T16:49:43
PdWLjGe,unassigned,,,,2026-03-12T15:21:41
PdWyE6b,unassigned,,,,2026-04-03T09:19:14
Pde76Gb,scheduled,bea91d85-2037-5c80-8095-b1d16d1a3b69,2,,2026-03-13T15:56:05
PdelMQ5,scheduled,2a55714b-f765-506d-8046-13d635efd106,3,,2026-03-13T13:29:44
PdexX7e,scheduled,620636b8-d741-5183-8682-cb63daf22fe3,4,,2026-03-13T11:30:23
Pdg2Zbe,unassigned,,,,2026-03-12T10:35:14
QKXojZA,unassigned,,,,2026-03-12T11:03:45
QKaJA1G,scheduled,5cd277dc-236b-5446-90a9-91107748be21,4,,2026-03-13T15:45:39
QKaaeKA,scheduled,7448eb9b-ec23-556a-a343-efcfb18d9533,4,,2026-03-11T10:09:56
QKaq9OA,unassigned,,,,2026-03-11T10:20:04
QKarvEX,scheduled,c1d88216-5324-5a47-bdc7-da54ebf27b49,1,,2026-03-13T15:17:44
QKj2jxA,unassigned,,,,2026-03-12T15:52:30
QKjXqWg,scheduled,620636b8-d741-5183-8682-cb63daf22fe3,1,,2026-03-13T11:30:23
RG2yxaK,scheduled,2a55714b-f765-506d-8046-13d635efd106,4,,2026-03-13T13:33:55
RG6Q5MP,scheduled,e563db19-44ce-54ff-819a-d0a9a42ec08d,3,,2026-03-13T11:40:34
RG6QXQp,scheduled,eba1a77d-338c-5e5b-bbc0-2ccc6e36359b,1,,2026-03-25T16:31:45
RG6QpLp,unassigned,,,,2026-03-11T09:52:08
RG6VqXv,scheduled,338c97eb-78b3-5047-96db-d3656f18d647,3,,2026-03-13T11:42:06
RG6aBWd,scheduled,658e910e-d02f-5910-a524-3901a3790f9a,3,,2026-03-13T11:19:03
RG6bKDj,unassigned,,,,2026-03-11T10:16:34
RG6gYEl,scheduled,620636b8-d741-5183-8682-cb63daf22fe3,2,,2026-03-13T11:30:23
RG6lNed,scheduled,d43d90bd-6011-5501-9e3d-c96cee718ee9,1,,2026-03-13T15:50:16
VLADOPy,scheduled,e5916265-4004-5fac-8378-9594e1b32d11,1,,2026-03-13T11:06:03
VLB68eN,scheduled,bea91d85-2037-5c80-8095-b1d16d1a3b69,4,,2026-03-13T15:56:05
VLB6Eqa,scheduled,1c4f8af1-1d0a-5f7f-9cf3-7c619c978ee9,1,,2026-03-12T13:03:41
VLBAeZ6,unassigned,,,,2026-03-11T10:41:22
VLBXQea,scheduled,8ad77046-2194-51d2-a4e6-158286fcbb70,2,,2026-03-13T11:54:11
VLBaRe6,unassigned,,,,2026-03-11T10:22:22
VLBdD1E,scheduled,e4cd29f1-458a-5a2e-89c6-7907fa8ef9a6,2,,2026-03-25T17:19:26
VLBveLa,unassigned,,,,2026-03-12T11:05:13
VLBxL4g,unassigned,,,,2026-03-12T15:36:36
VLBy6eN,unassigned,,,,2026-03-11T09:19:30
WOZoQLj,unassigned,,,,2026-03-11T09:52:08
WOgqP8e,unassigned,,,,2026-03-12T15:35:10
WOk6qvP,scheduled,e935d0b6-13cc-5def-b109-5ec23fdacf31,2,,2026-03-13T15:55:25
WOkBD0k,scheduled,b2df1c97-1cc2-542f-8d98-d5a7ccdce4c0,1,,2026-03-13T14:29:27
WOkXNGJ,unassigned,,,,2026-03-11T09:23:24
WOkYB8J,unassigned,,,,2026-03-11T10:41:22
WOkj14j,unassigned,,,,2026-03-12T16:49:43
WOkpMgj,unassigned,,,,2026-03-10T13:59:18
Xx8gDX4,unassigned,,,,2026-03-11T10:24:21
XxkaKRY,unassigned,,,,2026-03-11T09:53:35
Xxkpb0d,scheduled,27f42dfe-9ba9-5c14-be2e-6a9aa3a4730c,3,,2026-03-13T14:37:31
XxvYZZP,scheduled,847db82a-f93c-52b1-a16b-c1533f4fc0bf,1,,2026-03-13T11:07:47
Y5KKgVW,unassigned,,,,2026-03-12T15:55:17
Y5Kbkad,unassigned,,,,2026-03-11T10:16:13
Y5vANd0,scheduled,68750050-01be-5c35-b256-29c008d72a94,4,,2026-03-25T15:27:48
Y5voxBJ,unassigned,,,,2026-03-11T10:32:03
ZjL7d20,scheduled,ad22a049-0377-59a2-be44-10f92dbc12d2,2,,2026-03-13T15:53:39
ZjLAB8B,scheduled,0bf1aa12-2ee6-5327-bff9-6da25d94a416,3,,2026-03-25T16:19:42
ZjLgXeV,scheduled,ad22a049-0377-59a2-be44-10f92dbc12d2,1,,2026-03-13T15:53:39
ZjLr46e,unassigned,,,,2026-03-13T14:54:31
ZjLzKpz,scheduled,27f42dfe-9ba9-5c14-be2e-6a9aa3a4730c,2,,2026-03-13T14:05:10
ZjZE81e,scheduled,611aa61f-0d61-560f-97f4-79d0862d0847,3,,2026-03-13T11:44:01
Zjyk77V,unassigned,,,,2026-04-03T09:18:16
aQPXB0b,scheduled,4aa8d497-3de4-514f-90d7-717d0d810645,2,,2026-03-13T13:32:40
aQPgxav,scheduled,5cd277dc-236b-5446-90a9-91107748be21,2,,2026-03-13T15:45:39
aQgBVO9,unassigned,,,,2026-03-12T16:49:16
b56X580,scheduled,1917c625-ce29-5625-8d12-7103451f1eff,2,,2026-03-25T15:55:36
b5EEB2Z,scheduled,1c4f8af1-1d0a-5f7f-9cf3-7c619c978ee9,2,,2026-03-12T13:04:13
b5EEplg,unassigned,,,,2026-04-03T09:17:57
b5EMBxE,unassigned,,,,2026-03-11T10:56:42
b5EMdag,scheduled,85079871-f72b-53f9-ada7-b5583da10de3,2,,2026-03-13T11:11:08
b5ypLWo,scheduled,847db82a-f93c-52b1-a16b-c1533f4fc0bf,4,,2026-03-13T11:07:47
dW1M8Wz,unassigned,,,,2026-03-11T10:32:03
dW1ybVN,scheduled,1c4f8af1-1d0a-5f7f-9cf3-7c619c978ee9,3,,2026-03-12T13:04:38
dW412MN,scheduled,d428973d-a7d4-54e4-b686-c46994d469dc,1,,2026-03-13T11:10:24
dW41vvN,scheduled,011a7233-bcc7-5b49-a46e-68dde9d47718,3,,2026-03-13T15:59:09
dW47gjd,scheduled,68750050-01be-5c35-b256-29c008d72a94,3,,2026-03-25T15:20:40
dW4jBMD,scheduled,658e910e-d02f-5910-a524-3901a3790f9a,2,,2026-03-13T11:19:03
dWpbRAV,scheduled,accae8d9-491f-5dec-abdb-92a4c46e8fb8,3,,2026-03-13T13:59:47
eq86Lox,scheduled,1917c625-ce29-5625-8d12-7103451f1eff,3,,2026-03-25T15:56:01
eqj724E,unassigned,,,,2026-03-13T14:58:44
eqjjA9o,scheduled,28edddfb-ed41-5e9f-9aa7-962c992bf6a1,1,,2026-03-13T15:27:34
eqjr15x,unassigned,,,,2026-03-13T15:00:27
eqjxgDl,unassigned,,,,2026-03-11T09:53:35
eqjy54k,scheduled,5cd277dc-236b-5446-90a9-91107748be21,3,,2026-03-13T15:45:39
eqjydAO,unassigned,,,,2026-03-12T15:54:47
gD1E0ED,scheduled,011a7233-bcc7-5b49-a46e-68dde9d47718,2,,2026-03-13T15:59:09
gDplN0D,scheduled,45494c18-33d0-5dd6-8146-6b7a6246f57b,4,,2026-03-12T13:06:36
gDrpqZJ,scheduled,cda98b9f-87ed-54b3-92c7-790687dc2106,3,,2026-03-13T12:55:38
gDx5JaN,unassigned,,,,2026-03-12T15:17:42
gDxxKyK,scheduled,60ccb7da-0f57-5d46-8ed3-8debe06ec73e,4,,2026-03-13T15:49:28
jaXDylY,unassigned,,,,2026-03-11T09:52:40
jaYd8W6,scheduled,c040ca03-5a2e-565d-b328-a889f0d6bd24,1,,2026-03-13T14:27:35
jagovdQ,scheduled,d061a2e3-8e15-5d4c-823f-bbb3b7261e6d,1,,2026-03-12T17:20:59
jaqEpx6,scheduled,e5916265-4004-5fac-8378-9594e1b32d11,2,,2026-03-13T11:06:03
jaqLBa4,unassigned,,,,2026-03-12T15:18:25
jaqNON9,scheduled,28edddfb-ed41-5e9f-9aa7-962c992bf6a1,2,,2026-03-13T15:28:31
jaqWYB6,scheduled,d30149c9-7b15-5a97-aa72-e9e5755eea67,3,,2026-03-13T11:52:21
jaqjP1J,scheduled,e563db19-44ce-54ff-819a-d0a9a42ec08d,1,,2026-03-13T11:40:34
jaqp4oY,unassigned,,,,2026-03-11T10:27:58
kdQ4Gx1,scheduled,9b3ed785-58c5-52a3-a353-e9c05addc8f7,4,,2026-03-13T15:57:46
kdQrJdJ,scheduled,e5916265-4004-5fac-8378-9594e1b32d11,4,,2026-03-13T11:06:03
kdpjbPr,unassigned,,,,2026-03-12T11:05:13
kdxb6Xd,unassigned,,,,2026-03-11T10:55:57
lb1G8vk,scheduled,e4cd29f1-458a-5a2e-89c6-7907fa8ef9a6,1,,2026-03-25T17:18:44
lb1aE66,scheduled,9372e55b-7794-5e8a-8941-47672d73c1b4,3,,2026-03-11T10:04:07
lb91oKV,unassigned,,,,2026-04-03T09:17:04
lb9g5OV,scheduled,d30149c9-7b15-5a97-aa72-e9e5755eea67,1,,2026-03-13T11:52:21
lbY5DWV,scheduled,bea91d85-2037-5c80-8095-b1d16d1a3b69,1,,2026-03-13T15:56:05
ob1JeoM,unassigned,,,,2026-04-03T09:17:25
ob1WyWO,scheduled,85079871-f72b-53f9-ada7-b5583da10de3,3,,2026-03-13T11:14:37
ob1jKBM,scheduled,6dae8a17-981c-5a51-ac6a-b02d20d7d7ef,2,,2026-03-11T09:55:13
obQjNYb,unassigned,,,,2026-03-13T14:54:31
obY68YO,unassigned,,,,2026-03-12T16:53:43
obaEXbO,unassigned,,,,2026-03-11T09:12:53
obaQWR1,scheduled,1917c625-ce29-5625-8d12-7103451f1eff,4,,2026-03-25T15:58:22
obaRReb,unassigned,,,,2026-03-12T14:14:03
obaVMYx,scheduled,e935d0b6-13cc-5def-b109-5ec23fdacf31,4,,2026-03-13T15:55:25
obaZ8DM,scheduled,0ceb8cba-17bc-50d3-b55f-75deb14ed429,2,,2026-03-13T10:19:33
obaZLLM,scheduled,7448eb9b-ec23-556a-a343-efcfb18d9533,1,,2026-03-13T13:04:23
obaaMBx,scheduled,3c9638a1-b8ec-579d-9b03-db9e812cecbf,3,,2026-03-13T11:20:02
obaaVOP,scheduled,d30149c9-7b15-5a97-aa72-e9e5755eea67,2,,2026-03-13T11:52:21
obadaB1,unassigned,,,,2026-03-11T10:16:13
obaxVWO,scheduled,45494c18-33d0-5dd6-8146-6b7a6246f57b,1,,2026-03-12T13:06:36
pb69AGZ,scheduled,9b81adf0-bbf5-5aa7-8ae7-80cb4848e870,3,,2026-03-13T15:58:31
pb69W6V,unassigned,,,,2026-03-11T10:56:42
pb69xgb,unassigned,,,,2026-03-12T15:20:23
pb6Ex68,scheduled,011a7233-bcc7-5b49-a46e-68dde9d47718,4,,2026-03-25T16:23:46
pb6PR48,unassigned,,,,2026-03-11T09:52:08
pb6kZZJ,scheduled,9b81adf0-bbf5-5aa7-8ae7-80cb4848e870,2,,2026-03-13T15:58:31
q47X7Ek,scheduled,0ceb8cba-17bc-50d3-b55f-75deb14ed429,3,,2026-03-13T10:20:43
q47XQa2,unassigned,,,,2026-03-11T10:27:48
q47bbqg,scheduled,8ad77046-2194-51d2-a4e6-158286fcbb70,3,,2026-03-13T13:07:55
q47qVE7,scheduled,85079871-f72b-53f9-ada7-b5583da10de3,4,,2026-03-13T11:15:52
q47qlvO,scheduled,0bf1aa12-2ee6-5327-bff9-6da25d94a416,1,,2026-03-25T16:17:34
q4k6egd,unassigned,,,,2026-04-03T09:16:39
q4p1Wl8,unassigned,,,,2026-03-11T10:30:16
rj1Nqdp,scheduled,3c9638a1-b8ec-579d-9b03-db9e812cecbf,1,,2026-03-13T11:20:02
rjYXeXo,scheduled,b2df1c97-1cc2-542f-8d98-d5a7ccdce4c0,2,,2026-03-13T14:31:09
rjbBqgv,scheduled,c1d88216-5324-5a47-bdc7-da54ebf27b49,3,,2026-03-13T15:19:14
rjbQdvL,unassigned,,,,2026-03-13T14:19:37
rjbb9N5,scheduled,c39d5181-fe34-5d91-a10a-d23cd0855326,2,,2026-03-13T15:45:59
vGbOvov,scheduled,0ceb8cba-17bc-50d3-b55f-75deb14ed429,1,,2026-03-13T10:19:02
vGvVg08,unassigned,,,,2026-03-11T10:16:34
vGvVkWd,scheduled,85079871-f72b-53f9-ada7-b5583da10de3,1,,2026-03-13T11:11:08
vGvaRMQ,scheduled,56231a19-45e2-5615-80f6-438e9d4331ab,3,,2026-03-25T15:28:32
vGvx94g,unassigned,,,,2026-03-11T10:18:29
xX6y5Xv,scheduled,847db82a-f93c-52b1-a16b-c1533f4fc0bf,3,,2026-03-13T11:07:47
xXL7QXk,scheduled,ad22a049-0377-59a2-be44-10f92dbc12d2,3,,2026-03-13T15:53:39
xXL7jBk,unassigned,,,,2026-03-12T10:35:14
xXLB87v,unassigned,,,,2026-04-03T09:16:17
xXLBNeG,unassigned,,,,2026-04-03T09:15:14
xXLEDGy,unassigned,,,,2026-03-11T08:28:03
xXLEbd9,scheduled,c39d5181-fe34-5d91-a10a-d23cd0855326,4,,2026-03-13T15:45:59
xXLLlly,unassigned,,,,2026-03-11T08:57:58
xXLWW85,scheduled,9b3ed785-58c5-52a3-a353-e9c05addc8f7,1,,2026-03-13T15:57:46
xXLzaqG,unassigned,,,,2026-04-03T09:14:52
xXo7z9J,unassigned,,,,2026-04-03T09:14:21
yPpbLz8,unassigned,,,,2026-03-11T09:48:53
yPpbzo8,unassigned,,,,2026-03-12T14:14:03
yPpr78p,unassigned,,,,2026-03-12T11:05:13
zx4XMME,scheduled,60ccb7da-0f57-5d46-8ed3-8debe06ec73e,2,,2026-03-13T15:49:28
zxOapRg,unassigned,,,,2026-04-03T09:13:59
zxRA6V8,unassigned,,,,2026-03-12T10:33:31
zxRR80a,unassigned,,,,2026-04-03T09:13:39
zxRb7qa,unassigned,,,,2026-03-11T08:46:15
zxRbM51,scheduled,45494c18-33d0-5dd6-8146-6b7a6246f57b,2,,2026-03-12T13:06:36
zxvBrNE,unassigned,,,,2026-04-03T09:12:56
ASEntry1,scheduled,b2df1c97-1cc2-542f-8d98-d5a7ccdce4c0,3,,2026-03-13T14:33:02
ASEntry2,scheduled,1d96e9ed-ae3b-5699-976b-48f927e48672,2,,2026-03-13T11:51:54
ASEntry3,unassigned,,,,2026-03-10T17:11:04
ASEntry4,unassigned,,,,2026-03-11T10:21:33
ASEntry5,unassigned,,,,2026-03-17T11:51:59
ASEntry6,scheduled,deb4e105-4f8c-51f2-840e-fc0742ac3a57,4,,2026-03-13T10:51:50
